Email,First Name,Last Name,Street,City,State,Zip
developer@crm.com,developer,developer,,,,
admin@crm.com,admin,admin,,,,
0@cns.com,John,Smith the 4th,121 Main Street,0ville,0 state,12340
1@cns.com,John,Smith the 5th,121 Main Street,1ville,1 state,12341
2@cns.com,John,Smith the 6th,121 Main Street,2ville,2 state,12342
3@cns.com,John,Smith the 7th,121 Main Street,3ville,3 state,12343
4@cns.com,John,Smith the 8th,121 Main Street,4ville,4 state,12344
5@cns.com,John,Smith the 9th,121 Main Street,5ville,5 state,12345
6@cns.com,John,Smith the 10th,121 Main Street,6ville,6 state,12346
7@cns.com,John,Smith the 11th,121 Main Street,7ville,7 state,12347
8@cns.com,John,Smith the 12th,121 Main Street,8ville,8 state,12348
9@cns.com,John,Smith the 13th,121 Main Street,9ville,9 state,12349